scenario],arrivals_per_year,80_plus,onset_known,known_arrival_within_4hrs,onset_arrival_mins_mu,onset_arrival_mins_sigma,scan_within_4_hrs,arrival_scan_arrival_mins_mu,arrival_scan_arrival_mins_sigma,ischaemic_stroke,ischaemic_eligable,scan_needle_mins_mu,scan_needle_mins_sigma
1,600,0.501647446,0.677924217,0.684082625,4.567801054,0.513070455,0.843694494,3.644684018,0.904974664,0.864085667,0.556737589,3.084401491,0.849198052
2,600,0.51271534,0.537325677,0.697709924,4.470712083,0.538855497,0.783369803,3.421217902,1.097037073,0.885151764,0.385542169,3.588908482,0.635317915
3,800,0.413099536,0.53274884,0.693126815,4.556892352,0.474841692,0.946927374,3.77576429,0.750402719,0.85198556,0.391521197,3.790799492,0.584960289
4,700,0.498143564,0.433818434,0.677316294,4.608709078,0.519458289,0.978773585,2.476847418,1.270990986,0.857673267,0.344086022,3.676286792,0.578214219
5,300,0.458488228,0.446096654,0.697222222,4.411376431,0.557676967,0.836653386,3.702290428,0.813698735,0.892193309,0.445255474,3.540425624,0.616224825
6,350,0.511019284,0.727272727,0.704545455,4.527376778,0.492743635,0.849462366,3.352113742,0.973754559,0.856749311,0.494680851,3.56520825,0.594055232
7,700,0.489041096,0.562328767,0.702801462,4.462668156,0.588460774,0.913344887,3.096563407,0.99734637,0.882191781,0.346590909,3.579679765,0.72555412
